prenom;nom;email;num_isep;sexe;nom_companie;nom_companie_site;adress_companie_site;code_companie_site;city_companie_site;promotion;contractType;TutorMail
Arfaz;Feroz;arfaz.feroz@isep.fr;9151;Male;Areva;Tour Areva;1 place. Jean Millier;92400;Courbevoie;2018;3 ans;zakia.kazi@isep.fr
Romain;Narboni;romain.narboni@isep.fr;9149;Male;Thales;Cristal;4 Avenue des Louvresses;92230;Gennevilliers;2018;3 ans;zakia.kazi@isep.fr
Nicolas;Simoes;nicolas.simoes@isep.fr;9146;Male;Sopra Steria;Sopra Steria;1 Avenue du Marechal Juin;92360;Meudon;2018;3 ans;mohamed.sellami@isep.fr
Guillaume;Carre;guillaume.carre@isep.fr;8827;Male;Thales;Cristal;4 Avenue des Louvresses;92230;Gennevilliers;2018;2 ans;mohamed.sellami@isep.fr
Julien;Voyat;julien.voyat@isep.fr;9221;Male;Orange;Orange Gardens;44 Avenue de la Republique;92320;Chatillon;2018;3 ans;zakia.kazi@isep.fr
